Image_Name,Mean_R,Mean_G,Mean_B,SD_R,SD_G,SD_B,Contrast,Correlation,Energy,Homogeneity,Entropy,Leaf_Area_px,Perimeter_px,Circularity,Solidity,Aspect_Ratio,Lesion_Count,Lesion_Density,Average_Lesion_Area_px,Disease_Percentage,Edge_Density,Mean_H,Mean_S,Cluster_K,Label,,,,
leaf1.jpg,79.33998476,116.6200679,27.39165924,24.06950745,21.47020361,26.97950624,0.089301003,0.969277028,0.723390914,0.983625369,1.511365999,76953.5,1114.413337,0.778656009,0.969755587,0.889204545,35,0.479806786,1059.628571,47.98067857,0.020548388,42.97103078,200.1507355,16,0,,,,
leaf10.jpg,81.66820809,122.2767068,27.06680206,26.63079028,18.55012378,34.05912279,0.048067515,0.969416464,0.880077541,0.992759686,0.78580908,31719,683.4945078,0.853216593,0.989147722,1.078817734,16,0.32844868,657,32.84486799,0.036056866,42.64014998,204.9083581,13,0,,,,
leaf2.jpg,101.7299488,132.1696262,66.33390629,33.72572943,29.50028619,37.29309507,0.125275196,0.972299024,0.727775559,0.977207996,1.658076742,73396.5,1175.408286,0.667586766,0.934344527,0.772151899,12,0.4549035,2799.416667,45.49035,0.044270904,43.27301519,135.257586,16,0,,,,
leaf3.jpg,101.7299488,132.1696262,66.33390629,33.72572943,29.50028619,37.29309507,0.125275196,0.972299024,0.727775559,0.977207996,1.658076742,73396.5,1175.408286,0.667586766,0.934344527,0.772151899,12,0.4549035,2799.416667,45.49035,0.044270904,43.27301519,135.257586,16,0,,,IT704C,3
leaf4.jpg,110.3231527,146.6922244,28.91100822,30.58549163,27.25702975,33.58709144,0.093298985,0.973643351,0.824301635,0.989448955,1.115220042,46703,897.1757487,0.729120974,0.959131703,0.746794872,18,0.485631757,1269.277778,48.56317567,0.011511586,39.34772636,208.3796275,16,0,,,,
leaf5.jpg,119.6144079,166.3017193,64.42531211,27.59959793,24.64419036,35.74959861,0.157771221,0.977337047,0.71239143,0.981429059,1.625041275,79517.5,1216.780869,0.674913066,0.940084293,0.699769053,21,0.460812181,1751.52381,46.08121815,0.014087329,43.65346423,160.3508183,16,0,,,,
leaf6.jpg,63.75279778,104.6186914,59.89092553,26.16802272,22.58937094,32.7949568,0.062652886,0.949766919,0.87870706,0.989766616,0.842304396,31720,849.376758,0.55251274,0.84283247,0.783088235,8,0.486985255,1949.375,48.69852552,0.036753016,58.81071729,125.7306961,14,0,,,,
leaf7.jpg,86.62275188,120.3857734,50.15369747,28.53461012,25.59594557,28.85817297,0.10875581,0.969107444,0.716869459,0.980916434,1.618272799,77576.5,1245.643784,0.62827867,0.908629323,0.755501222,13,0.458660283,2754.153846,45.86602834,0.016423241,44.58254503,154.8140961,16,0,,,,
leaf8.jpg,86.98803367,119.7776816,62.37460238,20.34584474,17.02394183,18.78085179,0.07846135,0.978740337,0.688330707,0.98892661,1.50322154,91901,1233.567666,0.75893424,0.958145451,1.134502924,30,0.456343453,1404.433333,45.63434531,0.007000195,47.10834614,123.8530067,16,0,,,,
leaf9.jpg,96.62261939,127.2619811,63.94456065,25.11112696,16.56413711,28.64144352,0.13484589,0.971895568,0.610069959,0.973840448,1.92226971,118534.5,1371.030653,0.792428902,0.978794823,1.211488251,77,0.458005094,703.5844156,45.80050944,0.027934751,44.00168688,129.6895801,13,0,,,,
leaf11.jpg,112.1590644,146.6914872,65.91106633,41.37144048,33.20052896,53.86540085,0.157006788,0.976265837,0.65956191,0.974855813,1.980377309,92732.5,1351.550419,0.637936321,0.904283848,0.949494949,30,0.492983716,1530.8,49.29837162,0.031602757,43.91624412,153.3625098,16,1,,,,
leaf12.jpg,114.4169585,139.512353,86.43651032,25.13440957,21.82897372,32.49915045,0.247423863,0.961896555,0.524082794,0.96344426,2.329499879,160090.5,1783.540314,0.632425779,0.951461302,0.946938776,40,0.497217141,1900.6,49.72171414,0.024268356,47.22542461,101.9554808,16,1,,,,
leaf13.jpg,101.8587396,136.2374825,49.11735269,31.53506031,23.25058557,43.97304264,0.101142062,0.976937506,0.733170271,0.980250183,1.560119639,72279.5,1081.099626,0.777129812,0.972112759,0.975077882,32,0.439220215,997.25,43.9220215,0.026203635,42.68001595,171.1080866,16,1,,,,
leaf14.jpg,123.7110371,128.7262101,18.82606587,23.26616329,22.55398684,19.93227795,0.084882583,0.980291116,0.721914303,0.984666921,1.498916778,77741,1441.650923,0.470045347,0.888752972,0.921832884,36,0.430113702,934.25,43.01137016,0.017176474,31.08326634,217.5474395,16,1,,,,
leaf15.jpg,105.4242393,126.7876119,34.22653966,38.13996589,28.7203289,42.58668045,0.143193493,0.968583271,0.684101841,0.977990038,1.808716404,87208.5,1402.354462,0.557253852,0.856854413,0.756637168,44,0.442468476,879.4090909,44.24684759,0.023917215,36.4455752,194.5672743,16,1,,,,
leaf16.jpg,119.6345377,156.3917929,40.22133039,35.68227011,33.02713247,40.02258473,0.220080113,0.97142911,0.483674374,0.967153684,2.621025743,159114,1607.498684,0.773779119,0.975244096,0.949698189,4,0.481200462,19182.25,48.12004615,0.015444718,39.66846845,195.448411,16,1,,,,
leaf17.jpg,104.5677612,135.7967071,64.04104222,38.97335674,36.3712143,44.52040107,0.211075098,0.968183378,0.470859375,0.963357702,2.732221094,160303.5,1741.314918,0.66435197,0.960479211,0.947686117,28,0.47698529,2706.464286,47.698529,0.02375996,44.2026829,144.3148855,16,1,,,,
leaf18.jpg,91.82678565,123.4170467,31.9239954,26.0150884,22.92310504,30.78030358,0.12104024,0.971206845,0.621711901,0.9756572,1.93025185,111054.5,1452.638733,0.661349128,0.942201804,0.953995157,51,0.463936869,1011.333333,46.39368693,0.027956333,40.80415305,194.3235447,16,1,,,,
leaf19.jpg,98.01963472,121.9258936,19.75323982,28.16233766,22.21106872,28.47026693,0.090753425,0.967266934,0.793467229,0.987023643,1.225974578,55714,1096.798111,0.581997094,0.902923635,0.676470588,27,0.470485617,977.5555556,47.04856166,0.02365779,37.09423953,218.634666,16,1,,,,
leaf20.jpg,88.57179638,123.8837572,23.56917657,29.83294812,23.40524261,27.60858871,0.111454256,0.969884982,0.687005914,0.981978446,1.677385311,87967.5,1372.579857,0.586755098,0.907644051,0.782201405,30,0.491079091,1449,49.10790912,0.023205655,40.88588012,211.2804327,16,1,,,,
leaf21.jpg,82.07294995,97.35918826,66.48047568,15.926272,15.06553814,12.92713497,0.018774462,0.972160275,0.935119628,0.996240251,0.470657164,16598.5,882.7077107,0.26769784,0.653149963,0.620209059,11,0.378771743,581.1818182,37.8771743,0.02638741,45.76008756,82.78546918,13,2,,,,
leaf22.jpg,54.68046805,70.54359098,42.8311634,28.0284636,25.5186582,25.54065017,0.089408023,0.933854581,0.735095373,0.975346135,1.518462564,85682.5,2134.545366,0.236314959,0.837299183,0.899038462,34,0.458335974,1061.235294,45.83359744,0.047121614,50.92031034,108.5667651,16,2,,,,
leaf23.jpg,65.75297941,80.13143804,54.2086528,27.66981538,28.22204784,27.94760396,0.102930834,0.951109111,0.671432014,0.976250679,1.780566874,101042,3012.459142,0.139916672,0.756146751,0.841991342,49,0.489415785,958.0408163,48.94157846,0.029700392,47.34588299,87.76353238,16,2,,,,
leaf24.jpg,121.5487137,146.4406752,62.38254748,26.57298897,21.2063115,38.85267499,0.08865888,0.978490494,0.816782248,0.987681534,1.148245991,48845.5,1011.82041,0.599552961,0.880170464,0.972881356,40,0.431585782,530.45,43.15857815,0.031082616,38.35191122,151.4051899,14,2,,,,
leaf25.jpg,72.27549347,82.52191115,31.55451171,15.5953774,15.31834581,15.09086463,0.045086228,0.968719749,0.757753816,0.990878965,1.226583026,68948.5,1331.976828,0.48836142,0.835126967,0.781407035,14,0.488073315,2421.928571,48.80733153,0.008128561,36.43396444,156.9481499,12,2,,,,
leaf26.jpg,95.63872916,113.9654105,70.56227745,22.69265115,17.42611055,21.92689346,0.079898483,0.976823775,0.718134325,0.982202953,1.511632826,79228.5,1163.584909,0.735351762,0.953692725,0.908587258,40,0.463932054,918.4,46.39320541,0.019112929,42.45774143,100.2499528,12,2,,,,
leaf27.jpg,85.08213063,110.4244831,32.13000137,28.72888168,25.60386109,26.14824697,0.060879403,0.978432687,0.736626601,0.988944077,1.470763622,73500.5,1549.124013,0.384882164,0.838845711,1.259016393,28,0.461960838,1204.571429,46.1960838,0.012282624,40.21033822,184.9568533,16,2,,,,
leaf28.jpg,76.64104934,94.89322689,38.04232763,27.22168313,24.01633657,34.41404463,0.088681813,0.969088605,0.601678982,0.981211118,1.993652832,116520,1398.101714,0.749087938,0.970490492,1.274238227,35,0.467281003,1558.314286,46.72810035,0.018721016,39.91127197,166.8857915,15,2,,,,
leaf29.jpg,87.97242068,120.8689187,29.24867481,23.65069671,21.79888811,33.05641462,0.083705357,0.976776131,0.681501997,0.986654155,1.642836445,90974,1355.7098,0.622004725,0.915664348,1.012658228,22,0.477606207,1977.318182,47.76062073,0.01288425,41.12829377,198.9510969,16,2,,,,
leaf30.jpg,83.42258248,101.0565595,60.28825701,24.19008448,20.68468803,27.59528275,0.096448447,0.963984573,0.720946184,0.98415336,1.524156243,80604.5,2101.800199,0.229290623,0.810502765,1.109510086,21,0.489854923,1805.095238,48.98549228,0.020135268,43.30439104,109.547576,16,2,,,,
leaf31.png,121.0675254,132.6950541,27.61849555,24.57138924,21.64638302,25.38789128,0.064204684,0.983703922,0.772241128,0.990237447,1.285534798,62442,1012.347322,0.76564525,0.97039489,1.3046875,19,0.482363232,1595.894737,48.23632316,0.012054707,33.32255089,204.5767017,16,3,,,,
leaf32.png,113.920439,124.0853606,25.25404049,26.45529757,22.30010026,23.1646487,0.072445267,0.98275942,0.706145343,0.988868613,1.552495271,82755.5,1229.526035,0.687909446,0.949390251,1.298013245,19,0.443144977,1940.526316,44.31449773,0.009197666,33.07658318,206.4451262,16,3,,,,
leaf33.png,69.70722244,91.57719857,34.038077,25.32197039,24.32288992,25.34773123,0.059610445,0.951086703,0.849619691,0.988801057,0.980932982,39962,836.1219252,0.71831983,0.978860992,0.566978193,15,0.489156387,1309.4,48.91563868,0.025268603,41.49480203,168.7756665,14,3,,,,
leaf34.png,99.55377644,123.8905143,33.12232913,26.4321973,23.26189775,26.13025365,0.081687255,0.98031413,0.667751058,0.983372432,1.735848474,94148.5,1222.614347,0.791487925,0.983027753,1.292604502,28,0.44218887,1493.607143,44.21888698,0.009231192,38.20349814,191.7679739,16,3,,,,
leaf35.png,109.7328916,135.1159957,52.60138835,25.12206887,22.20187895,30.5134786,0.096219117,0.982577211,0.635345621,0.980144568,1.865968502,107470,1334.454965,0.758384187,0.988561678,1.530351438,40,0.417005401,1121.55,41.70054012,0.015247694,39.54647623,160.4699686,16,3,,,,
leaf36.png,99.61956331,123.8064337,34.11387018,25.58574668,24.10693849,26.93873941,0.10133317,0.978352577,0.569628014,0.978634493,2.092922769,130511,1420.822499,0.812413872,0.98195758,1.207253886,34,0.451789541,1740.764706,45.17895411,0.007649306,38.30449273,190.2351685,16,3,,,,
leaf37.png,78.88718497,110.005505,38.75466018,27.93643225,22.24353487,25.55881961,0.075495352,0.973921801,0.712397936,0.987297793,1.537428849,81306,1313.342267,0.592347578,0.941597471,1.833992095,17,0.484191642,2316.294118,48.41916418,0.014475123,43.52021971,170.2186997,16,3,,,,
leaf38.png,101.5242297,127.9965106,34.63024164,24.88377571,21.95146208,26.67960027,0.092970279,0.980447437,0.616137574,0.982138676,1.892804121,114390,1358.798115,0.778552767,0.987175947,1.592833876,65,0.43123537,761.6,43.12353704,0.009780632,38.65730371,189.9604163,16,3,,,,
leaf39.png,88.5075639,113.9682543,50.37542205,23.73917846,22.37327757,27.47468993,0.08005137,0.978774432,0.63546235,0.978485454,1.872614147,105586.5,1309.727045,0.773493498,0.988091785,1.482428115,58,0.44858059,819.2758621,44.85805904,0.014939168,42.41243988,148.3381401,16,3,,,,
leaf40.png,112.2826738,136.7975682,46.456687,23.59581905,23.67536049,32.09595209,0.08659109,0.983945871,0.661233701,0.985343689,1.749248959,97955.5,1330.295585,0.695572479,0.969251853,1.689189189,39,0.435088859,1098.487179,43.50888589,0.010149502,38.3863408,173.6739675,16,3,,,,
leaf41.jpg,141.4309076,167.7353824,76.22261949,37.68590218,32.549907,41.72631178,0.216938295,0.978467729,0.534232055,0.967709182,2.47128745,134343,1525.013402,0.725901319,0.976493164,0.928416486,36,0.492871478,1838.833333,49.28714785,0.021571397,38.59674422,146.2690255,16,4,,,,
leaf42.jpg,145.7113971,176.62939,56.80250647,30.24413597,24.43510255,36.31399123,0.21574578,0.978673977,0.569621967,0.977949802,2.142753253,127555.5,1478.94739,0.732830613,0.960273276,0.820247934,29,0.469134066,2068.931034,46.91340662,0.010821242,37.73511005,177.8949753,16,4,,,,
leaf43.jpg,124.8219354,160.6819532,84.29951453,51.03469742,42.08124423,47.90349801,0.247584393,0.975051748,0.496658518,0.966333663,2.686774012,143935.5,1596.001212,0.710086656,0.966522519,0.863354037,31,0.480508598,2236.451613,48.05085978,0.026627977,44.19665921,130.7426747,16,4,,,,
leaf44.jpg,119.2622127,157.1840945,87.91308354,41.57913507,34.93192802,38.70097892,0.1207574,0.977957737,0.792369893,0.981264362,1.396605753,54887.5,1070.732098,0.601619175,0.90809447,1.066666667,31,0.427265501,760.5806452,42.72655008,0.051506721,46.68555788,118.2512466,16,4,,,,
leaf45.jpg,94.04969402,103.1890016,19.36468722,16.89900775,15.74906293,18.00208522,0.037541279,0.973426796,0.868894792,0.994838925,0.792214149,35080.5,733.6538891,0.819017517,0.980066492,0.946428571,7,0.46518019,2343,46.51801904,0.010482774,33.06785471,208.1131573,16,4,,,,
leaf46.jpg,64.76505495,91.39350794,19.68862759,34.97084806,31.51576839,30.08409669,0.161967955,0.944852055,0.534922228,0.968517989,2.30652344,154732,1805.533174,0.596456888,0.890305616,1,46,0.492432167,1656.869565,49.24321672,0.021883435,42.19137835,209.5920279,16,4,,,,
leaf47.jpg,60.21405147,99.74518723,25.82961267,41.34014711,35.33196677,37.03771863,0.191020212,0.947339736,0.500193881,0.960527951,2.553010848,163962,1772.184975,0.656047025,0.926590262,1,76,0.436398528,944.1052632,43.63985279,0.036382738,46.72433289,202.2560031,16,4,,,,
leaf48.jpg,56.12562198,93.90778961,21.60869718,45.39455619,40.44718041,37.48119329,0.19893591,0.946834773,0.499794893,0.962253152,2.566966342,175366.5,2091.491544,0.503783886,0.877639929,1,46,0.467890766,1741.26087,46.78907655,0.042329526,46.56783937,209.8144346,16,4,,,,
leaf49.jpg,57.67944387,79.196118,20.27952062,27.07954742,23.92811856,29.7623154,0.14566261,0.929594301,0.538896515,0.972849008,2.150972465,171197.5,1906.711887,0.591748457,0.929834995,1,83,0.382414681,790.5060241,38.24146814,0.015508248,41.08592046,202.348136,16,4,,,,
leaf50.jpg,83.14884483,133.7038599,57.98423787,36.23749778,27.33834536,46.74759896,0.143071184,0.966708383,0.714388677,0.982090772,1.640721051,79164,1223.7098,0.664325186,0.94410886,1.070987654,36,0.398841655,870.7777778,39.88416547,0.031206737,51.33025542,154.9991998,16,4,,,,
leaf51.jpg,88.63116412,128.3872723,48.67089047,22.29649962,21.08476082,23.16371004,0.139700037,0.969172355,0.578907905,0.977513487,2.022578834,138244,1508.645875,0.763275876,0.960094451,0.819277108,36,0.40975423,1574.527778,40.97542298,0.009760009,44.95974628,162.3056234,12,5,,,,
leaf52.jpg,84.57071922,104.7379822,42.76055802,30.33592924,27.11697818,34.82845536,0.11243273,0.965751327,0.65665166,0.982603565,1.841036778,100700.5,1643.491544,0.468496708,0.928941409,1.297619048,34,0.483777449,1383,48.37774488,0.031612386,40.35063533,161.5363825,16,5,,,,
leaf53.jpg,90.17918843,100.9728141,52.78691475,30.32656076,26.95076795,35.26344123,0.125802654,0.963097657,0.63952715,0.978506571,1.931067102,109422,1810.184975,0.419632002,0.869442922,0.950561798,41,0.484739097,1206.804878,48.47390973,0.030394631,37.6054861,132.4242531,16,5,,,,
leaf54.jpg,79.95002005,100.490223,43.18123708,33.93830046,30.99129909,36.81429751,0.161035347,0.955451083,0.558817198,0.972687981,2.267328792,139224.5,1806.996158,0.535810318,0.885699927,1.105855856,36,0.491140548,1768.611111,49.11405484,0.034959751,41.23664528,158.5003084,16,5,,,,
leaf55.jpg,78.92181249,98.4646799,50.91368825,27.58831931,24.8896942,34.21788854,0.0959057,0.968264925,0.630731343,0.981710187,1.911124974,112817,1501.047894,0.629209559,0.926403869,1.051470588,41,0.478072125,1232,47.80721251,0.023767414,42.80297542,134.8539434,16,5,,,,
leaf56.jpg,95.48002936,130.0948547,34.81978654,25.24921303,20.04554876,30.3882419,0.071849009,0.982499789,0.698386636,0.98680124,1.580478282,85398.5,1387.099627,0.557756701,0.955224465,1.870445344,33,0.421270944,1095.363636,42.12709435,0.015799408,40.59154569,190.9390161,16,5,,,,
leaf57.jpg,93.64215294,114.3571181,68.36418064,18.19529512,14.75210402,18.47259137,0.069632155,0.9799316,0.713764684,0.987968071,1.407063419,83159.5,1215.383901,0.70744841,0.956769102,1.050295858,37,0.469031202,1059.810811,46.90312018,0.008054397,43.29599312,104.5991683,14,5,,,,
leaf58.jpg,67.91844688,86.04276542,48.20431692,29.07716626,25.62205911,33.52568509,0.052944594,0.962693397,0.815104998,0.990284436,1.142696027,52242,1123.116873,0.52045089,0.85195,1.748792271,25,0.393005694,778.2,39.3005694,0.028025683,45.22796107,124.6706175,13,5,,,,
leaf59.jpg,65.6091947,92.32945225,47.36658036,36.98281124,33.01275385,39.88299712,0.109757216,0.963733499,0.616341487,0.973020319,2.076416443,118415,1467.99407,0.690506833,0.965195419,1.032098765,40,0.46739886,1342.775,46.739886,0.044496385,49.9816662,142.1183008,16,5,,,,
leaf60.jpg,74.33274622,86.46860344,56.77867496,21.8217252,18.18514665,22.70265366,0.094973092,0.956452039,0.672419442,0.980043857,1.696798989,96867.5,1518.721993,0.527753827,0.958870549,0.761124122,33,0.425991554,1212.787879,42.5991554,0.01922628,42.64204316,92.56212465,16,5,,,,
